step,removed_node,normalized_efficiency,percent_remaining,removal_time_seconds
0,,1.0,100.0,0.0
1,471.0,0.9937978927385112,99.82142857142857,15.0577
2,250.0,0.9773301518081912,99.64285714285714,14.6365
3,367.0,0.9676614222444448,99.46428571428572,14.7505
4,537.0,0.96658252098902,99.28571428571429,13.915
5,353.0,0.9642983478574532,99.10714285714286,14.2044
